,Datetime,Open,Close,High,Low,Volume,Gain%,future,past,Current_R/G,Inflation,Unemployment,Industrial,Interest,Retail_Sales,Interest_pct,Inflation_pct,Unemployment_pct,Industrial_pct,Volume_pct,Retail_Sales_pct,R/G
2,2002-08-31,23.06,20.72,24.35,20.49,1669047392,-10.147441457068515,17.407938785270208,-1.0530749789385003,0,2.4,5.7,90.785,1.74,265043,0.005780346820809301,0.09090909090909083,-0.01724137931034475,-0.0010024637941108416,-0.18336478654728483,0.008653988864744333,1
3,2002-09-30,20.91,24.55,25.04,19.76,2129150120,17.407938785270208,13.746409519901508,-10.147441457068515,1,2.2,5.7,90.8931,1.75,260626,0.005747126436781658,-0.08333333333333326,0.0,0.0011907253400893492,0.2756678631208094,-0.0166652203604698,1
4,2002-10-31,24.37,27.72,28.29,24.14,1669954692,13.746409519901508,-14.25052779732583,17.407938785270208,1,2.2,5.7,88.6706,1.73,256307,-0.011428571428571455,0.0,0.0,-0.024451801071808665,-0.21567076162764887,-0.0165716390536631,0
5,2002-11-30,28.42,24.37,28.79,24.28,1397055816,-14.25052779732583,-1.1326860841423851,13.746409519901508,0,2.0,5.9,88.6706,1.73,256307,0.0,-0.09090909090909094,0.03508771929824572,0.0,-0.16341693418829595,0.0,0
6,2002-12-31,24.72,24.44,27.47,24.01,1513988020,-1.1326860841423851,2.610114192495924,-14.25052779732583,0,1.9,6.0,88.6706,1.73,256307,0.0,-0.050000000000000044,0.016949152542372836,0.0,0.08369902094162285,0.0,1
7,2003-01-31,24.52,25.16,25.37,23.32,1276622488,2.610114192495924,-0.0791452314998004,-1.1326860841423851,1,1.9,5.8,91.3852,1.24,267230,-0.2832369942196532,0.0,-0.033333333333333326,0.030614431389885732,-0.15678164481116563,0.04261686181025093,0
8,2003-02-28,25.27,25.25,27.38,23.54,1670716196,-0.0791452314998004,7.900943396226406,2.610114192495924,0,1.7,5.9,91.494,1.26,263188,0.016129032258064502,-0.10526315789473684,0.017241379310344973,0.001190564774164793,0.3087002709919364,-0.015125547281368057,1
9,2003-03-31,25.44,27.45,28.06,25.25,1411620820,7.900943396226406,8.564139941690954,-0.0791452314998004,1,1.7,5.9,91.221,1.25,267820,-0.007936507936507908,0.0,0.0,-0.0029838022165387112,-0.15508042396447808,0.017599586607292217,1
10,2003-04-30,27.44,29.79,29.87,27.19,1525708296,8.564139941690954,-0.4321808510638265,7.900943396226406,1,1.5,6.0,90.6448,1.26,267197,0.008000000000000007,-0.11764705882352944,0.016949152542372836,-0.006316527992457854,0.0808201992940285,-0.002326189231573461,0
11,2003-05-31,30.08,29.95,31.47,29.31,1799755692,-0.4321808510638265,7.070707070707076,8.564139941690954,0,1.6,6.1,90.6163,1.26,267362,0.0,0.06666666666666665,0.016666666666666607,-0.0003144140645685578,0.17961978493430175,0.0006175219033148771,1
12,2003-06-30,29.7,31.8,32.75,29.26,1821510180,7.070707070707076,5.364468286525716,-0.4321808510638265,1,1.5,6.3,90.7372,1.22,270396,-0.031746031746031744,-0.0625,0.032786885245901676,0.0013341970484339605,0.012087467258306006,0.011347910323830535,1
13,2003-07-31,31.69,33.39,33.46,29.93,1414186192,5.364468286525716,-3.194983577187221,7.070707070707076,1,1.5,6.2,91.2028,1.01,273352,-0.17213114754098358,0.0,-0.015873015873015817,0.005131302266325077,-0.2236188369806421,0.010932114380390212,0
14,2003-08-31,33.49,32.42,34.86,32.36,1904565100,-3.194983577187221,7.88101809260963,5.364468286525716,0,1.3,6.1,91.0119,1.03,277965,0.01980198019801982,-0.1333333333333333,-0.016129032258064613,-0.002093137491392838,0.34675696225437336,0.01687567678304891,1
15,2003-09-30,32.61,35.18,36.0,32.42,1912564700,7.88101809260963,-0.1411233418007258,-3.194983577187221,1,1.2,6.1,91.6355,1.01,276430,-0.01941747572815533,-0.07692307692307698,0.0,0.006851851241431062,0.00420022397764197,-0.005522277984638335,0
16,2003-10-31,35.43,35.38,36.18,33.73,1497010412,-0.1411233418007258,2.100252030243629,7.88101809260963,0,1.3,6.0,91.3852,1.24,267230,0.2277227722772277,0.08333333333333348,-0.016393442622950727,-0.002731474155758362,-0.21727593738397455,-0.03328148174944834,1
17,2003-11-30,35.71,36.46,36.64,34.13,1740828608,2.100252030243629,1.1183851609383626,-0.1411233418007258,1,1.1,5.8,91.3852,1.24,267230,0.0,-0.15384615384615385,-0.033333333333333326,0.0,0.16287007361175254,0.0,1
18,2003-12-31,36.66,37.07,39.0,36.22,1759300392,1.1183851609383626,-1.693548387096781,2.100252030243629,1,1.1,5.7,91.3852,1.24,267230,0.0,0.0,-0.01724137931034475,0.0,0.010610914776510771,0.0,0
19,2004-01-31,37.2,36.57,37.9,36.1,1728110808,-1.693548387096781,-2.2900763358778526,1.1183851609383626,0,1.1,5.7,92.5643,1.0,278913,-0.19354838709677413,0.0,0.0,0.012902526886191756,-0.017728401665700333,0.043718893836769857,0
20,2004-02-29,36.68,35.84,37.18,34.01,2509465324,-2.2900763358778526,-2.9042166992460183,-1.693548387096781,0,1.2,5.6,93.1092,1.01,280932,0.010000000000000009,0.09090909090909083,-0.01754385964912286,0.00588671874577984,0.45214375859629485,0.007238816405115589,0
21,2004-03-31,35.81,34.77,37.5,34.72,2211173108,-2.9042166992460183,4.428571428571421,-2.2900763358778526,0,1.6,5.8,92.7403,1.0,286209,-0.00990099009900991,0.3333333333333335,0.03571428571428581,-0.003962014494808264,-0.11886684113432289,0.018783905001922063,1
22,2004-04-30,35.0,36.55,36.55,34.11,2429662198,4.428571428571421,4.052936311000824,-2.9042166992460183,1,1.8,5.6,93.1255,1.0,282952,0.0,0.125,-0.034482758620689724,0.004153534116236424,0.09881139075430534,-0.011379795883427857,1
23,2004-05-31,36.27,37.74,37.9,35.82,1811072220,4.052936311000824,-7.355284121083367,4.428571428571421,1,1.7,5.6,93.797,1.0,288252,0.0,-0.05555555555555558,0.0,0.007210699539868193,-0.2545991695920521,0.018731092199383736,0
24,2004-06-30,37.66,34.89,37.66,33.7,2262048122,-7.355284121083367,-1.7047096214966668,4.052936311000824,0,1.9,5.6,93.0677,1.03,284133,0.030000000000000027,0.11764705882352944,0.0,-0.007775301981939653,0.2490104464194145,-0.014289579950876319,0
25,2004-07-31,34.61,34.02,35.02,32.35,2012634990,-1.7047096214966668,3.566165635131155,-7.355284121083367,0,1.8,5.5,93.7646,1.26,287358,0.2233009708737863,-0.05263157894736836,-0.017857142857142794,0.007488097374277025,-0.11025987005947524,0.011350318336835308,1
26,2004-08-31,33.93,35.14,35.85,33.8,1950397800,3.566165635131155,4.090267983074741,-1.7047096214966668,1,1.7,5.4,93.8516,1.43,287941,0.13492063492063489,-0.05555555555555558,-0.018181818181818077,0.000927855501969832,-0.030923237601071407,0.0020288281516436246,1
27,2004-09-30,35.45,36.9,37.24,35.2,2259101598,4.090267983074741,5.786911844240132,3.566165635131155,1,2.0,5.4,93.9393,1.61,293139,0.12587412587412605,0.17647058823529416,0.0,0.0009344539677533792,0.15827735142031019,0.018052309327257987,1
28,2004-10-31,36.98,39.12,39.64,36.8,1978225304,5.786911844240132,1.6552075375604751,4.090267983074741,1,2.0,5.5,92.5643,1.0,278913,-0.3788819875776398,0.0,0.01851851851851838,-0.01463711141130497,-0.1243309704391613,-0.04852987831711231,1
29,2004-11-30,39.27,39.92,40.68,39.09,1779424588,1.6552075375604751,-6.7099027188825255,5.786911844240132,1,2.2,5.4,92.5643,1.0,278913,0.0,0.10000000000000009,-0.018181818181818077,0.0,-0.10049447633594721,0.0,0
30,2004-12-31,40.09,37.4,40.29,36.46,2234773210,-6.7099027188825255,-0.7201920512136653,1.6552075375604751,0,2.2,5.4,92.5643,1.0,278913,0.0,0.0,0.0,0.0,0.25589655502725916,0.0,0
31,2005-01-31,37.49,37.22,38.48,36.7,1765610596,-0.7201920512136653,-2.140754616002133,-6.7099027188825255,0,2.3,5.3,96.1164,2.28,296696,1.2799999999999998,0.04545454545454519,-0.0185185185185186,0.03837440568340056,-0.20993746117083623,0.06375823285397231,0
32,2005-02-28,37.37,36.57,38.29,35.94,2133973712,-2.140754616002133,-4.997284084736566,-0.7201920512136653,0,2.4,5.4,96.82,2.5,300557,0.09649122807017552,0.04347826086956519,0.018867924528301883,0.007320290814054609,0.20863213940521685,0.013013320031277864,0
33,2005-03-31,36.82,34.98,37.07,34.35,2345433606,-4.997284084736566,8.49002849002848,-2.140754616002133,0,2.3,5.2,96.6725,2.63,301308,0.052000000000000046,-0.04166666666666674,-0.03703703703703709,-0.001523445569097226,0.099092080099626,0.002498694091303877,1
34,2005-04-30,35.1,38.08,38.27,34.89,1881498416,8.49002849002848,-3.2868787799105967,-4.997284084736566,1,2.2,5.2,96.8638,2.79,303760,0.06083650190114076,-0.04347826086956508,0.0,0.0019788461041143623,-0.1978035911198588,0.008137852297317005,0
35,2005-05-31,38.03,36.78,38.68,36.7,1943627476,-3.2868787799105967,7.379272924579487,8.49002849002848,0,2.2,5.1,96.9622,3.0,301776,0.07526881720430101,0.0,-0.019230769230769384,0.0010158593819362682,0.03302105357711871,-0.006531472214906464,1
36,2005-06-30,36.86,39.58,39.92,36.55,1620613000,7.379272924579487,-1.6649848637739748,-3.2868787799105967,1,2.0,5.0,97.353,3.04,310989,0.01333333333333342,-0.09090909090909094,-0.019607843137254832,0.00403043660312985,-0.16619155676105501,0.030529266740893846,0
37,2005-07-31,39.64,38.98,40.14,38.26,1714890304,-1.6649848637739748,1.1794871794871815,7.379272924579487,0,2.1,5.0,97.0425,3.26,313520,0.07236842105263142,0.050000000000000044,0.0,-0.0031894240547285513,0.05817385396760355,0.008138551524330406,1
38,2005-08-31,39.0,39.46,39.91,38.24,1676662488,1.1794871794871815,-1.694486595852306,-1.6649848637739748,1,2.1,4.9,97.3856,3.5,310046,0.07361963190184051,0.0,-0.019999999999999907,0.0035355643146044446,-0.02229169755688354,-0.011080632814493452,0
39,2005-09-30,39.54,38.87,39.88,37.33,2279169704,-1.694486595852306,6.343476018566273,1.1794871794871815,0,2.0,5.0,95.509,3.62,310673,0.03428571428571425,-0.04761904761904767,0.020408163265306145,-0.019269789373377533,0.35934913574567906,0.0020222805648193454,1
40,2005-10-31,38.78,41.24,42.02,38.71,1718491712,6.343476018566273,-2.6499638641291288,-1.694486595852306,1,2.1,5.0,96.1164,2.28,296696,-0.37016574585635365,0.050000000000000044,0.0,0.006359610089101464,-0.246000984927097,-0.04498942618122592,0
41,2005-11-30,41.51,40.41,42.31,40.36,1416706392,-2.6499638641291288,3.3210332103321067,6.343476018566273,0,2.1,5.0,96.1164,2.28,296696,0.0,0.0,0.0,0.0,-0.17561057635173516,0.0,1
42,2005-12-31,40.65,42.0,43.31,40.16,1968905806,3.3210332103321067,-1.5333013895543857,-2.6499638641291288,1,2.2,4.9,96.1164,2.28,296696,0.0,0.04761904761904767,-0.019999999999999907,0.0,0.3897768917527409,0.0,0
43,2006-01-31,41.74,41.1,42.17,40.26,1646562124,-1.5333013895543857,1.697792869269956,3.3210332103321067,0,2.1,4.7,98.3353,4.29,322348,0.8815789473684212,-0.045454545454545525,-0.04081632653061229,0.023085550436762192,-0.16371716768658862,0.08645886698843253,1
44,2006-02-28,41.23,41.93,42.3,40.19,2184595216,1.697792869269956,-0.7117437722419862,-1.5333013895543857,1,2.1,4.8,98.3412,4.49,320171,0.046620046620046596,0.0,0.02127659574468077,5.9998800024052557e-05,0.32676148938307525,-0.006753570675170906,0
45,2006-03-31,42.15,41.85,43.05,41.39,1763904708,-0.7117437722419862,-7.395038167938934,1.697792869269956,0,2.1,4.7,98.5915,4.59,320869,0.022271714922048824,0.0,-0.02083333333333326,0.0025452201112046158,-0.19257137657304102,0.002180085017069011,0
46,2006-04-30,41.92,38.82,42.28,38.23,2709535316,-7.395038167938934,-0.4109940919599193,-0.7117437722419862,0,2.3,4.7,98.9042,4.79,322561,0.04357298474945548,0.09523809523809512,0.0,0.0031716730144080163,0.5361007336230774,0.005273180020506807,0
47,2006-05-31,38.93,38.77,40.0,37.16,3052135012,-0.4109940919599193,-4.602725636410386,-7.395038167938934,0,2.4,4.6,98.8999,4.94,321794,0.03131524008350728,0.04347826086956519,-0.021276595744680993,-4.3476414550602804e-05,0.126442233093226,-0.002377844810748986,0
48,2006-06-30,38.89,37.1,39.0,35.54,2455920796,-4.602725636410386,5.711177590426963,-0.4109940919599193,0,2.6,4.6,99.209,4.99,323184,0.010121457489878471,0.08333333333333348,0.0,0.003125382331023552,-0.195343329720304,0.004319533614672633,1
49,2006-07-31,36.77,38.87,39.03,36.26,2276038820,5.711177590426963,4.017400204708292,-4.602725636410386,1,2.7,4.7,99.1473,5.24,324204,0.05010020040080154,0.03846153846153855,0.021739130434782705,-0.0006219193823141511,-0.07324420897163164,0.003156096836476996,1
50,2006-08-31,39.08,40.65,40.95,38.32,2231638404,4.017400204708292,4.876847290640386,5.711177590426963,1,2.8,4.7,99.5815,5.25,325324,0.00190839694656475,0.03703703703703698,0.0,0.004379342654817764,-0.01950775865940635,0.0034546149954965966,1
51,2006-09-30,40.6,42.58,42.92,39.88,2407401810,4.876847290640386,3.0657617598876725,4.017400204708292,1,2.9,4.5,99.4133,5.25,323236,0.0,0.03571428571428581,-0.042553191489361764,-0.0016890687527301163,0.07875980521080872,-0.0064182169160590385,1
52,2006-10-31,42.73,44.04,44.86,41.61,2372939344,3.0657617598876725,-1.909090909090917,4.876847290640386,1,2.7,4.4,98.3353,4.29,322348,-0.18285714285714283,-0.06896551724137923,-0.022222222222222143,-0.010843619515698677,-0.014315211468583167,-0.0027472187503867485,0
53,2006-11-30,44.0,43.16,44.76,42.88,1901085432,-1.909090909090917,1.403589507593188,3.0657617598876725,0,2.6,4.5,98.3353,4.29,322348,0.0,-0.03703703703703709,0.022727272727272707,0.0,-0.1988478606472126,0.0,1
54,2006-12-31,43.46,44.07,45.4,42.52,2624682257,1.403589507593188,-2.123334086288694,-1.909090909090917,1,2.6,4.4,98.3353,4.29,322348,0.0,0.0,-0.022222222222222143,0.0,0.3806229919077093,0.0,0
55,2007-01-31,44.27,43.33,45.55,42.93,2400601029,-2.123334086288694,2.303172737955356,1.403589507593188,0,2.7,4.6,99.86,5.25,327181,0.22377622377622375,0.03846153846153855,0.04545454545454519,0.015505113626540945,-0.08537461149911674,0.014993113033119565,1
56,2007-02-28,42.55,43.53,44.45,42.06,2892570736,2.303172737955356,5.243874513395922,-2.123334086288694,1,2.7,4.5,100.8096,5.26,327953,0.0019047619047618536,0.0,-0.021739130434782483,0.00950931303825353,0.2049360560363236,0.002359550218380635,1
57,2007-03-31,43.67,45.96,46.7,43.3,1845852356,5.243874513395922,3.13247770284968,2.303172737955356,1,2.5,4.4,101.0257,5.26,330579,0.0,-0.07407407407407418,-0.022222222222222143,0.002143645049677678,-0.361864402129525,0.008007244940585911,1
58,2007-04-30,45.97,47.41,47.52,45.66,2579464514,3.13247770284968,0.042034468263983,5.243874513395922,1,2.3,4.5,101.7497,5.25,329560,-0.0019011406844106071,-0.08000000000000007,0.022727272727272707,0.007166493278442987,0.39743815674930394,-0.0030824704533560787,1
59,2007-05-31,47.58,47.6,47.92,46.16,2816792678,0.042034468263983,-0.3772793963529652,3.13247770284968,1,2.2,4.4,101.8148,5.25,334202,0.0,-0.04347826086956508,-0.022222222222222143,0.0006398053262073322,0.09200675671710368,0.014085447263017414,0
60,2007-06-30,47.71,47.53,50.66,47.43,2781479496,-0.3772793963529652,3.123021734543146,0.042034468263983,0,2.2,4.6,101.8424,5.25,331076,0.0,0.0,0.04545454545454519,0.0002710804323142746,-0.012536663516561464,-0.009353624454671139,1
61,2007-07-31,47.39,48.87,49.06,40.55,3837603693,3.123021734543146,5.089942763695819,-0.3772793963529652,1,2.2,4.7,101.7209,5.26,332342,0.0019047619047618536,0.0,0.021739130434782705,-0.0011930198031467887,0.3796987173620352,0.0038238954197826747,1
62,2007-08-31,48.92,51.41,52.77,47.81,1974770990,5.089942763695819,6.958211856171036,3.123021734543146,1,2.1,4.6,101.9639,5.02,334169,-0.04562737642585557,-0.045454545454545525,-0.021276595744680993,0.0023888895988926073,-0.4854156009902506,0.005497349116271755,1
63,2007-09-30,51.45,55.03,55.07,51.34,3374741399,6.958211856171036,-6.16313094367227,5.089942763695819,1,2.1,4.7,102.2023,4.94,335442,-0.015936254980079556,0.0,0.021739130434782705,0.0023380823997511957,0.7089279800489676,0.0038094497095781943,0
64,2007-10-31,54.68,51.31,54.77,48.65,4568289704,-6.16313094367227,0.1564333202972199,6.958211856171036,0,2.2,4.7,99.86,5.25,327181,0.06275303643724683,0.04761904761904767,0.0,-0.022918270919538908,0.35367104138814054,-0.02462720828041809,1
65,2007-11-30,51.14,51.22,52.84,49.18,2234189348,0.1564333202972199,-11.975814316364346,-6.16313094367227,1,2.3,4.7,99.86,5.25,327181,0.0,0.04545454545454519,0.0,0.0,-0.5109352749577722,0.0,0
66,2007-12-31,51.27,45.13,51.47,41.61,4830052730,-11.975814316364346,-5.645869947275923,0.1564333202972199,0,2.4,5.0,99.86,5.25,327181,0.0,0.04347826086956519,0.06382978723404253,0.0,1.161881549710083,0.0,0
67,2008-01-31,45.52,42.95,45.88,42.15,3020603228,-5.645869947275923,1.840204984859071,-11.975814316364346,0,2.5,5.0,102.3148,3.94,337412,-0.24952380952380948,0.04166666666666674,0.0,0.02458241538153416,-0.37462313625714805,0.031270153217943575,1
68,2008-02-29,42.93,43.72,45.07,41.05,3405461809,1.840204984859071,6.209223847019118,-5.645869947275923,1,2.3,4.9,101.9384,2.98,334584,-0.24365482233502533,-0.08000000000000007,-0.019999999999999907,-0.0036788421616423816,0.12741116656186002,-0.008381444643344005,1
69,2008-03-31,44.45,47.21,48.06,43.68,2617660111,6.209223847019118,5.863674851820482,1.840204984859071,1,2.4,5.1,101.5904,2.61,335193,-0.12416107382550334,0.04347826086956519,0.04081632653061207,-0.003413826389270347,-0.23133476226865535,0.001820170719460501,1
70,2008-04-30,47.24,50.01,50.47,47.22,2682987554,5.863674851820482,-9.515224358974358,6.209223847019118,1,2.3,5.0,100.9098,2.28,334843,-0.12643678160919547,-0.04166666666666674,-0.019607843137254832,-0.006699451916716503,0.024956426820074595,-0.0010441745501845734,0
71,2008-05-31,49.92,45.17,50.61,44.97,3543244108,-9.515224358974358,1.337494427106557,5.863674851820482,0,2.3,5.4,100.3073,1.98,337947,-0.13157894736842102,0.0,0.08000000000000007,-0.005970678764599779,0.32063382206803936,0.009270016097096212,1
72,2008-06-30,44.86,45.46,46.15,43.3,3953850937,1.337494427106557,1.318101933216156,-9.515224358974358,1,2.4,5.6,100.0853,2.0,338311,0.010101010101010166,0.04347826086956519,0.03703703703703698,-0.002213198839964736,0.11588443146576455,0.0010770919700426873,1
73,2008-07-31,45.52,46.12,48.57,44.3,2894151118,1.318101933216156,-16.96542893725993,1.337494427106557,1,2.5,5.8,99.6124,2.01,336771,0.004999999999999893,0.04166666666666674,0.03571428571428581,-0.004724969600930495,-0.2680171397164637,-0.00455202461640325,0
74,2008-08-31,46.86,38.91,47.08,37.18,5191335960,-16.96542893725993,-15.297450424929174,1.318101933216156,0,2.5,6.1,98.0601,2.0,334045,-0.004975124378109319,0.0,0.051724137931034475,-0.015583401263296381,0.793733550301778,-0.008094521202835159,0
75,2008-09-30,38.83,32.89,38.97,28.09,7243672970,-15.297450424929174,-11.24657116732704,-16.96542893725993,0,2.5,6.1,93.8451,1.81,328343,-0.09499999999999997,0.0,0.0,-0.04298384358164031,0.3953388926884247,-0.017069556496879135,0
76,2008-10-31,32.81,29.12,34.01,25.05,3920998033,-11.24657116732704,4.35087719298245,-15.297450424929174,0,2.2,6.5,102.3148,3.94,337412,1.1767955801104972,-0.11999999999999988,0.06557377049180335,0.09025191512396491,-0.4587002962117436,0.027620506604373984,1
77,2008-11-30,28.5,29.74,30.83,26.8404,2948656788,4.35087719298245,-2.3849512932482395,-11.24657116732704,1,2.0,6.8,102.3148,3.94,337412,0.0,-0.09090909090909094,0.04615384615384621,0.0,-0.2479830994090172,0.0,0
78,2008-12-31,29.77,29.06,31.63,27.96,2831845042,-2.3849512932482395,-4.3100451859575895,4.35087719298245,0,1.8,7.3,102.3148,3.94,337412,0.0,-0.09999999999999998,0.07352941176470584,0.0,-0.039615239886643616,0.0,0
79,2009-01-31,28.77,27.53,31.68,27.39,3324311167,-4.3100451859575895,11.799410029498524,-2.3849512932482395,0,1.7,7.8,88.583,0.15,298673,-0.9619289340101523,-0.05555555555555558,0.06849315068493156,-0.13421127735185923,0.1739029211330696,-0.11481215842945713,1
80,2009-02-28,27.12,30.32,31.46,25.6301,3807881685,11.799410029498524,14.49565798263193,-4.3100451859575895,1,1.8,8.3,88.0069,0.22,297631,0.4666666666666668,0.05882352941176472,0.06410256410256432,-0.006503505187225533,0.14546487789721407,-0.0034887653052000367,1
81,2009-03-31,29.94,34.28,34.9,29.79,2991813407,14.49565798263193,3.208868144690786,11.799410029498524,1,1.8,8.7,86.6045,0.18,292300,-0.18181818181818188,0.0,0.04819277108433728,-0.015935114178547316,-0.2143103030786525,-0.01791144067654238,1
82,2009-04-30,34.28,35.38,35.5,32.96,2734096137,3.208868144690786,1.8191995521970492,14.49565798263193,1,1.9,9.0,85.9406,0.15,293614,-0.16666666666666663,0.05555555555555558,0.034482758620689724,-0.007665883412524721,-0.08614082328697847,0.004495381457406689,1
83,2009-05-31,35.73,36.38,37.23,34.77,2511381967,1.8191995521970492,7.963875205254525,3.208868144690786,1,1.8,9.4,85.0635,0.18,296501,0.19999999999999996,-0.05263157894736836,0.04444444444444451,-0.010205886391298158,-0.0814580610337916,0.009832637408297984,1
84,2009-06-30,36.54,39.45,40.18,34.3,2576798460,7.963875205254525,0.4516938519447922,1.8191995521970492,1,1.7,9.5,84.7841,0.21,302169,0.16666666666666674,-0.05555555555555558,0.010638297872340496,-0.0032846050303597663,0.02604800618129155,0.019116293031052223,1
85,2009-07-31,39.85,40.03,41.08,38.46,2248339895,0.4516938519447922,5.969400551793335,7.963875205254525,1,1.5,9.5,85.7471,0.16,302802,-0.23809523809523803,-0.11764705882352944,0.0,0.011358261749549792,-0.12746769687218762,0.0020948542041043794,1
86,2009-08-31,39.87,42.25,43.17,39.02,2114923758,5.969400551793335,-2.7309427689384917,0.4516938519447922,1,1.4,9.6,86.7094,0.16,309023,0.0,-0.06666666666666676,0.010526315789473717,0.011222536972095742,-0.05933984327578723,0.02054477843607372,0
87,2009-09-30,42.11,40.96,43.82,40.72,2291079432,-2.7309427689384917,6.217995610826638,5.969400551793335,0,1.5,9.8,87.4072,0.15,301033,-0.0625,0.0714285714285714,0.02083333333333348,0.008047570390292247,0.08329173727122119,-0.025855680645129997,1
88,2009-10-31,41.01,43.56,44.65,40.64,1622391782,6.217995610826638,4.261622607110295,-2.7309427689384917,1,1.7,10.0,88.583,0.15,298673,0.0,0.1333333333333333,0.020408163265306145,0.013451981072497343,-0.29186576452142843,-0.007839672062531333,1
89,2009-11-30,43.88,45.75,46.3,43.32,1462888619,4.261622607110295,-7.620898100172714,6.217995610826638,1,1.7,9.9,88.583,0.15,298673,0.0,0.0,-0.010000000000000009,0.0,-0.09831359155639507,0.0,0
90,2009-12-31,46.32,42.79,46.64,42.63,2382798513,-7.620898100172714,4.31134933581916,4.261622607110295,0,1.8,9.9,88.583,0.15,298673,0.0,0.05882352941176472,0.0,0.0,0.6288311236085979,0.0,1
91,2010-01-31,42.91,44.76,45.05,42.12,1932180896,4.31134933581916,7.141268075639585,-7.620898100172714,1,1.6,9.8,89.2744,0.11,308343,-0.2666666666666666,-0.11111111111111105,-0.010101010101010055,0.007805109332490456,-0.18911276574227076,0.032376545586644934,1
92,2010-02-28,44.95,48.16,48.6,44.95,1623722802,7.141268075639585,1.856640463384348,4.31134933581916,1,1.3,9.8,89.5648,0.13,308568,0.18181818181818188,-0.1875,0.0,0.0032528922065004906,-0.15964245099336705,0.0007297068524338979,1
93,2010-03-31,48.34,49.2375,50.65,47.79,1645245776,1.856640463384348,-7.7483309730932595,7.141268075639585,1,1.1,9.9,90.2296,0.16,315984,0.23076923076923084,-0.15384615384615385,0.010204081632652962,0.007422558862410167,0.013255325338468626,0.02403360037333746,0
94,2010-04-30,49.43,45.6,50.17,41.55,2805434545,-7.7483309730932595,-6.028602860286032,1.856640463384348,0,0.9,9.9,90.5689,0.2,318803,0.25,-0.18181818181818188,0.0,0.003760406784469872,0.7051765674917618,0.00892133778925519,0
95,2010-05-31,45.45,42.71,47.68,42.64,2060073965,-6.028602860286032,6.9827183559084585,-7.7483309730932595,0,0.9,9.6,91.8247,0.2,315560,0.0,0.0,-0.030303030303030387,0.01386568678652389,-0.26568453765154587,-0.010172426231873644,1
96,2010-06-30,42.82,45.81,46.72,41.77,1748721860,6.9827183559084585,-6.295817162570076,-6.028602860286032,1,0.9,9.4,92.007,0.18,314889,-0.10000000000000009,0.0,-0.02083333333333326,0.0019853046075837266,-0.1511363719408978,-0.002126378501711268,0
97,2010-07-31,46.38,43.46,47.19,42.97,1484414032,-6.295817162570076,11.269841269841269,6.9827183559084585,0,0.9,9.4,92.3967,0.18,315811,0.0,0.0,0.0,0.00423554729531439,-0.15114343455396617,0.002928015904017034,1
98,2010-08-31,44.1,49.07,49.84,44.07,1574912393,11.269841269841269,5.499393449251919,-6.295817162570076,1,0.9,9.5,92.7118,0.19,317208,0.05555555555555558,0.0,0.010638297872340496,0.0034102949564216445,0.06096571377600668,0.004423531795915814,1
99,2010-09-30,49.46,52.18,52.49,48.2,1538467420,5.499393449251919,-0.5631920580374221,11.269841269841269,1,0.8,9.5,92.9252,0.19,320261,0.0,-0.11111111111111105,0.0,0.0023017566264489364,-0.02314095257741744,0.009624599631787412,0
100,2010-10-31,52.38,52.085,54.0401,50.85,1565231519,-0.5631920580374221,3.00737658407415,5.499393449251919,0,0.6,9.4,89.2744,0.11,308343,-0.42105263157894735,-0.2500000000000001,-0.010526315789473606,-0.03928751296741895,0.01739659784280634,-0.03721339782240107,1
101,2010-11-30,52.87,54.46,54.96,52.84,1006915015,3.00737658407415,1.8941392674539144,-0.5631920580374221,1,0.8,9.8,89.2744,0.11,308343,0.0,0.3333333333333335,0.042553191489361764,0.0,-0.35669899131388494,0.0,1
102,2010-12-31,54.959,56.0,57.35,54.92,1265669927,1.8941392674539144,2.393857432018065,3.00737658407415,1,0.8,9.3,89.2744,0.11,308343,0.0,0.0,-0.05102040816326525,0.0,0.2569779059258541,0.0,1
103,2011-01-31,56.4194,57.77,59.04,56.13,1101566476,2.393857432018065,-0.9656837385756204,1.8941392674539144,1,1.0,9.1,93.4768,0.17,332282,0.5454545454545456,0.25,-0.021505376344086113,0.04707284507092746,-0.1296573834135193,0.07763756595739157,0
104,2011-02-28,57.99,57.43,58.365,53.77,1729722960,-0.9656837385756204,2.3562023562023557,2.393857432018065,0,1.1,9.0,93.0617,0.16,334682,-0.05882352941176472,0.10000000000000009,-0.01098901098901095,-0.004440674049603688,0.5702392889451005,0.007222780650170568,1
105,2011-03-31,57.72,59.08,59.29,55.32,1033194468,2.3562023562023557,-1.402263895928363,-0.9656837385756204,1,1.2,9.0,94.0244,0.14,338001,-0.12499999999999989,0.09090909090909083,0.0,0.010344749773537387,-0.40268211043460966,0.009916876318415646,0
106,2011-04-30,59.19,58.36,59.34,56.47,1054724742,-1.402263895928363,-2.009618687736176,2.3562023562023557,0,1.3,9.1,93.7011,0.1,339713,-0.2857142857142857,0.08333333333333348,0.011111111111111072,-0.0034384691633235764,0.020838549437529608,0.005065073771971074,0
107,2011-05-31,58.22,57.05,58.36,53.615,1155796649,-2.009618687736176,1.576182136602449,-1.402263895928363,0,1.5,9.0,93.849,0.09,339169,-0.10000000000000009,0.15384615384615374,-0.01098901098901095,0.0015784233055962105,0.09582775768428875,-0.001601351729253797,1
108,2011-06-30,57.1,58.0,59.83,56.87,1277432393,1.576182136602449,-6.153059485256518,-2.009618687736176,1,1.6,9.1,94.0844,0.09,341787,0.0,0.06666666666666665,0.011111111111111072,0.002508284584811671,0.10523974446996331,0.007718865816156439,0
109,2011-07-31,58.67,55.06,58.82,49.93,2526137245,-6.153059485256518,-4.926643723963048,1.576182136602449,0,1.8,9.0,94.5881,0.07,341438,-0.2222222222222221,0.125,-0.01098901098901095,0.005353703695830436,0.9775114979411674,-0.001021103786861377,0
110,2011-08-31,55.21,52.49,57.35,51.91,1666963792,-4.926643723963048,11.35664873174482,-6.153059485256518,0,2.0,9.0,95.1605,0.1,342121,0.4285714285714286,0.11111111111111116,0.0,0.006051501193067743,-0.34011352894644487,0.002000363169887276,1
111,2011-09-30,52.04,57.95,59.2,50.095,1616778870,11.35664873174482,-0.3005657708628035,-4.926643723963048,1,2.0,9.0,95.0855,0.08,345745,-0.20000000000000007,0.0,0.0,-0.0007881421388076237,-0.030105586120613204,0.010592743503029523,0
112,2011-10-31,56.56,56.39,58.98,52.87,1295261890,-0.3005657708628035,-0.9579563597658316,11.35664873174482,0,2.1,8.8,93.4768,0.17,332282,1.125,0.050000000000000044,-0.022222222222222143,-0.016918457598687486,-0.19886268058414203,-0.03893910251775157,0
113,2011-11-30,56.37,55.83,57.62,54.17,1004377588,-0.9579563597658316,6.360920752064672,-0.3005657708628035,0,2.2,8.6,93.4768,0.17,332282,0.0,0.04761904761904767,-0.022727272727272818,0.0,-0.22457566631563597,0.0,1
114,2011-12-31,56.91,60.53,60.86,56.56,828909746,6.360920752064672,5.850451930977807,-0.9579563597658316,1,2.2,8.5,93.4768,0.17,332282,0.0,0.0,-0.011627906976744096,0.0,-0.17470306396362956,0.0,1
115,2012-01-31,60.85,64.41,64.96,60.66,1018655434,5.850451930977807,4.469532941540367,6.360920752064672,1,2.3,8.3,96.7772,0.08,352736,-0.5294117647058824,0.04545454545454519,-0.0235294117647058,0.0353071564281191,0.22890994938307796,0.061556148091079343,1
116,2012-02-29,64.66,67.55,68.51,63.23,1070064762,4.469532941540367,-1.0376519418914745,5.850451930977807,1,2.2,8.3,97.051,0.1,357435,0.25,-0.04347826086956508,0.0,0.0028291787735128526,0.05046782875160116,0.013321577610450941,0
117,2012-03-31,67.46,66.76,68.55,64.45,1055787700,-1.0376519418914745,-6.928614277144578,4.469532941540367,0,2.3,8.2,96.5714,0.13,358712,0.30000000000000004,0.04545454545454519,-0.012048192771084487,-0.004941731666855631,-0.01334224105587356,0.0035726775497642027,0
118,2012-04-30,66.68,62.06,67.63,60.76,1300348448,-6.928614277144578,5.232081351484333,-1.0376519418914745,0,2.3,8.2,97.3139,0.14,356872,0.0769230769230771,0.0,0.0,0.007688611742192819,0.2316381863512902,-0.005129463190526096,1
119,2012-05-31,60.97,64.16,64.57,60.04,973834091,5.232081351484333,0.8874357776739734,-6.928614277144578,1,2.3,8.2,97.4669,0.16,356054,0.1428571428571428,0.0,0.0,0.0015722317161268595,-0.2510975865755023,-0.0022921383577304555,1
120,2012-06-30,64.23,64.8,65.31,61.86,860860365,0.8874357776739734,4.459770114942523,5.232081351484333,1,2.2,8.2,97.4577,0.16,352011,0.0,-0.04347826086956508,0.0,-9.439101889963109e-05,-0.11600921249736784,-0.011355019182483606,1
121,2012-07-31,65.25,68.16,68.88,63.91,679920339,4.459770114942523,0.7937674555343114,0.8874357776739734,1,2.1,8.2,97.6786,0.16,353974,0.0,-0.045454545454545525,0.0,0.002266624391915606,-0.21018510475854002,0.005576530278883274,1
122,2012-08-31,68.03,68.57,70.58,67.42,639568292,0.7937674555343114,-5.732946298984039,4.459770114942523,1,1.9,8.1,97.2842,0.13,358575,-0.1875,-0.09523809523809534,-0.012195121951219523,-0.004037731908524522,-0.05934819814237091,0.012998129806143899,0
123,2012-09-30,68.9,64.95,69.8,64.65,863148898,-5.732946298984039,0.7348438456827986,0.7937674555343114,0,2.0,7.8,97.2295,0.14,361370,0.0769230769230771,0.05263157894736836,-0.03703703703703698,-0.0005622701322516299,0.349580504219243,0.007794743080248301,1
124,2012-10-31,65.32,65.8,66.21,61.31,901806926,0.7348438456827986,-1.7941797346200157,-5.732946298984039,1,2.0,7.8,96.7772,0.08,352736,-0.4285714285714286,0.0,0.0,-0.0046518803449571156,0.044787206575336524,-0.02389240944184634,0
125,2012-11-30,66.32,65.1301,66.76,63.58,815972920,-1.7941797346200157,0.269905533063438,0.7348438456827986,0,1.9,7.7,96.7772,0.08,352736,0.0,-0.050000000000000044,-0.012820512820512775,0.0,-0.09518002526407743,0.0,1
126,2012-12-31,66.69,66.87,67.79,66.17,741909489,0.269905533063438,-0.3564003564003699,-1.7941797346200157,1,1.9,7.9,96.7772,0.08,352736,0.0,0.0,0.025974025974025983,0.0,-0.09076702079770005,0.0,0
127,2013-01-31,67.34,67.1,68.26,65.96,656587005,-0.3564003564003699,3.155848040682021,0.269905533063438,0,1.9,8.0,98.1664,0.14,367277,0.7500000000000002,0.0,0.012658227848101111,0.014354620716449773,-0.11500389908074082,0.04122346457407233,1
128,2013-02-28,66.86,68.97,69.06,66.54,558025871,3.155848040682021,2.477901753369068,-0.3564003564003699,1,2.0,7.7,98.6458,0.15,372515,0.0714285714285714,0.05263157894736836,-0.03749999999999998,0.004883544675163831,-0.1501113077923314,0.014261715272124276,1
129,2013-03-31,69.01,70.72,70.73,66.88,835583464,2.477901753369068,3.5921368971856973,3.155848040682021,1,1.9,7.5,99.0597,0.14,369062,-0.06666666666666654,-0.050000000000000044,-0.025974025974025983,0.004195819791618316,0.4973919802367013,-0.00926942539226605,1
130,2013-04-30,70.71,73.25,74.95,70.25,680477024,3.5921368971856973,-2.782703587505124,2.477901753369068,1,1.7,7.6,98.9927,0.15,367290,0.0714285714285714,-0.10526315789473684,0.013333333333333197,-0.0006763598113057601,-0.1856265073239889,-0.004801361288889083,0
131,2013-05-31,73.31,71.27,73.82,69.15,748609715,-2.782703587505124,5.588071348940901,3.5921368971856973,0,1.7,7.5,99.0726,0.11,369648,-0.2666666666666666,0.0,-0.013157894736842035,0.0008071302227334876,0.10012489562028182,0.006419995099240294,1
132,2013-06-30,71.76,75.77,76.2099,71.35,581766740,5.588071348940901,-1.0878112712975077,-2.782703587505124,1,1.6,7.5,99.2065,0.09,370847,-0.18181818181818188,-0.05882352941176461,0.0,0.0013515341274985548,-0.2228704379023454,0.0032436263688697675,0
133,2013-07-31,76.3,75.47,77.28,74.96,529254777,-1.0878112712975077,3.653088042049936,5.588071348940901,0,1.7,7.3,98.9204,0.09,373447,0.0,0.0625,-0.026666666666666727,-0.0028838836164969406,-0.090262917058476,0.00701097757296143,1
134,2013-08-31,76.1,78.88,79.685,75.54,504226910,3.653088042049936,4.970204133384051,-1.0878112712975077,1,1.8,7.2,99.4996,0.08,372419,-0.11111111111111105,0.05882352941176472,-0.013698630136986245,0.005855212878233429,-0.047288882571578594,-0.002752733319587475,1
135,2013-09-30,78.87,82.79,83.485,76.35,817370692,4.970204133384051,3.23940269749518,3.653088042049936,1,1.7,7.2,100.0568,0.08,372515,0.0,-0.05555555555555558,0.0,0.0056000225126533465,0.6210374253924686,0.0002577741737128658,1
136,2013-10-31,83.04,85.73,85.84,81.37,542266191,3.23940269749518,2.4816497728067057,4.970204133384051,1,1.7,7.2,98.1664,0.14,367277,0.7500000000000002,0.0,0.0,-0.01889326862342189,-0.3365725046084721,-0.014061178744480096,1
137,2013-11-30,85.83,87.96,87.96,84.05,652800771,2.4816497728067057,-1.4620217018846389,3.23940269749518,1,1.7,6.9,98.1664,0.14,367277,0.0,0.0,-0.04166666666666663,0.0,0.20383822896308867,0.0,0
138,2013-12-31,87.55,86.27,89.0,84.76,836429435,-1.4620217018846389,4.875783608079874,2.4816497728067057,0,1.7,6.7,98.1664,0.14,367277,0.0,0.0,-0.02898550724637683,0.0,0.2812935770873959,0.0,1
139,2014-01-31,86.14,90.34,90.96,83.74,715981006,4.875783608079874,-2.022798390701835,-1.4620217018846389,1,1.6,6.6,100.038,0.07,373327,-0.5,-0.05882352941176461,-0.014925373134328401,0.019065586595820916,-0.14400309692592295,0.01647258064076973,0
140,2014-02-28,89.48,87.67,91.36,86.4,809600193,-2.022798390701835,-0.8059023836549306,4.875783608079874,0,1.6,6.7,100.7918,0.07,378580,0.0,0.0,0.015151515151515138,0.007535136648073815,0.13075652316955466,0.014070774414923104,0
141,2014-03-31,88.1,87.39,89.68,83.28,1141405841,-0.8059023836549306,4.318519364789216,-2.022798390701835,0,1.7,6.7,101.7782,0.08,382404,0.1428571428571428,0.0625,0.0,0.009786510410569216,0.40983889439364307,0.01010090337577263,1
142,2014-04-30,87.53,91.31,91.45,85.53,789221242,4.318519364789216,2.7124576178497097,-0.8059023836549306,1,1.8,6.2,101.8337,0.09,386507,0.125,0.05882352941176472,-0.07462686567164178,0.000545303414680065,-0.30855335267204054,0.010729490277298304,1
143,2014-05-31,91.43,93.91,94.14,90.64,567102111,2.7124576178497097,0.8597813395605588,4.318519364789216,1,2.0,6.3,102.2325,0.09,386929,0.0,0.11111111111111116,0.016129032258064502,0.003916188845146662,-0.2814408928440879,0.0010918301609026404,1
144,2014-06-30,94.21,95.02,97.51,93.63,661595221,0.8597813395605588,5.219867130654859,2.7124576178497097,1,1.9,6.1,102.5722,0.1,387863,0.11111111111111116,-0.050000000000000044,-0.031746031746031744,0.0033228180862250323,0.16662450759242553,0.0024138795489612175,1
145,2014-07-31,94.83,99.78,99.9141,93.885,645938592,5.219867130654859,-1.249500199920032,0.8597813395605588,1,1.9,6.2,102.8479,0.09,388261,-0.10000000000000009,0.0,0.016393442622950838,0.0026878627932325205,-0.023664966890684314,0.0010261355169223219,0
146,2014-08-31,100.04,98.79,100.5646,97.7,756070763,-1.249500199920032,2.902374670184696,5.219867130654859,0,1.7,6.1,102.6491,0.09,391217,0.0,-0.10526315789473684,-0.016129032258064613,-0.0019329514749449883,0.17049944431869468,0.0076134352922390125,1
147,2014-09-30,98.54,101.4,101.75,90.24,1285041466,2.902374670184696,4.412488919531176,-1.249500199920032,1,1.7,5.9,102.9858,0.09,389680,0.0,0.0,-0.032786885245901565,0.0032801066935803647,0.6996312103130484,-0.003928765876738516,1
148,2014-10-31,101.53,106.01,106.245,100.67,434990284,4.412488919531176,-2.3363601967461207,2.902374670184696,1,1.8,5.7,100.038,0.07,373327,-0.2222222222222221,0.05882352941176472,-0.03389830508474578,-0.028623363609352026,-0.6614970835501428,-0.0419652022172039,0
149,2014-11-30,105.72,103.25,105.9199,99.92,815702447,-2.3363601967461207,-2.56360832690826,4.412488919531176,0,1.7,5.8,100.038,0.07,373327,0.0,-0.05555555555555558,0.01754385964912264,0.0,0.8752199233029305,0.0,0
150,2014-12-31,103.76,101.1,104.58,99.36,826291430,-2.56360832690826,6.977203197473608,-2.3363601967461207,0,1.6,5.6,100.038,0.07,373327,0.0,-0.05882352941176461,-0.034482758620689724,0.0,0.012981428508574755,0.0,1
151,2015-01-31,101.33,108.4,108.94,99.75,472456510,6.977203197473608,-2.7713838504741783,-2.56360832690826,1,1.6,5.7,102.8479,0.11,385558,0.5714285714285714,0.0,0.017857142857143016,0.02808832643595438,-0.4282204887445099,0.03276216292954959,0
152,2015-02-28,108.61,105.6,109.42,104.24,633635703,-2.7713838504741783,1.9223484848484864,6.977203197473608,0,1.7,5.5,102.2292,0.11,385104,0.0,0.0625,-0.03508771929824561,-0.006015679464529522,0.34115138555292623,-0.0011775141483252316,1
153,2015-03-31,105.6,107.63,111.16,104.34,568699436,1.9223484848484864,1.8509949097639984,-2.7713838504741783,1,1.8,5.4,101.8945,0.11,391056,0.0,0.05882352941176472,-0.018181818181818077,-0.003274015643280115,-0.10248202033527143,0.015455565249906433,1
154,2015-04-30,108.05,110.05,111.08,105.995,518233530,1.8509949097639984,-3.226681127982653,1.9223484848484864,1,1.8,5.4,101.2859,0.12,391375,0.09090909090909083,0.0,0.0,-0.005972844461673565,-0.08873915253891684,0.0008157399451740321,0
155,2015-05-31,110.64,107.07,111.13,106.64,577030487,-3.226681127982653,3.532784611116256,1.8509949097639984,0,1.7,5.6,100.8408,0.12,394332,0.0,-0.05555555555555558,0.03703703703703698,-0.004394491237181053,0.11345648939388386,0.0075554136058766375,1
156,2015-06-30,108.13,111.95,114.39,105.83,644885755,3.532784611116256,-6.8411181566491,-3.226681127982653,1,1.8,5.3,100.5063,0.13,394859,0.08333333333333348,0.05882352941176472,-0.05357142857142849,-0.0033171097412952877,0.1175939045314256,0.0013364373167787935,0
157,2015-07-31,111.97,104.31,113.0,84.74,1010304811,-6.8411181566491,0.049159374692765,3.532784611116256,0,1.8,5.2,101.1831,0.13,398128,0.0,0.0,-0.01886792452830177,0.006733906232743614,0.5666415379263572,0.008278904621649819,1
158,2015-08-31,101.71,101.76,108.725,98.75,881201775,0.049159374692765,11.173239160290366,-6.8411181566491,1,1.8,5.1,100.9115,0.14,397710,0.0769230769230771,0.0,-0.019230769230769384,-0.002684242724328434,-0.12778622312232069,-0.0010499135956275607,1
159,2015-09-30,101.94,113.33,114.08,100.48,740627404,11.173239160290366,0.343219220276336,0.049159374692765,1,1.9,5.0,100.568,0.14,396112,0.0,0.05555555555555558,-0.019607843137254832,-0.0034039727880370574,-0.15952574652950513,-0.004018003067561837,1
160,2015-10-31,113.63,114.02,115.47,109.48,543413359,0.343219220276336,-2.2843415592924177,11.173239160290366,1,1.9,5.0,102.8479,0.11,385558,-0.2142857142857143,0.0,0.0,0.022670233076127477,-0.2662797027694104,-0.026643979480550972,0
161,2015-11-30,114.475,111.86,115.75,109.38,757509404,-2.2843415592924177,-4.843278808370658,0.343219220276336,0,2.0,5.1,102.8479,0.11,385558,0.0,0.05263157894736836,0.020000000000000018,0.0,0.39398377212143587,0.0,0
162,2015-12-31,109.43,104.13,110.18,97.25,1077308355,-4.843278808370658,-1.0808724184520406,-2.2843415592924177,0,2.1,5.0,102.8479,0.11,385558,0.0,0.050000000000000044,-0.019607843137254832,0.0,0.42217159194501575,0.0,0
163,2016-01-31,103.62,102.5,104.8,94.84,942259672,-1.0808724184520406,5.5582406959884,-4.843278808370658,0,2.2,4.8,99.4797,0.34,394576,2.0909090909090913,0.04761904761904767,-0.040000000000000036,-0.03274933178023087,-0.1253575008243577,0.02338947706959793,1
164,2016-02-29,103.45,109.2,110.04,103.16,602366519,5.5582406959884,-2.634002578743783,-1.0808724184520406,1,2.3,4.9,98.9583,0.38,398149,0.11764705882352944,0.04545454545454519,0.02083333333333348,-0.005241270329524483,-0.36072132035382276,0.009055289728721494,0
165,2016-03-31,108.58,105.72,111.44,104.88,559251035,-2.634002578743783,4.123808625082575,5.5582406959884,0,2.2,5.0,98.1954,0.36,396959,-0.052631578947368474,-0.04347826086956508,0.020408163265306145,-0.007709307859977255,-0.07157682679903399,-0.0029888308145945564,1
166,2016-04-30,105.97,110.34,110.51,104.4,537649166,4.123808625082575,-2.236363636363631,-2.634002578743783,1,2.1,5.1,98.4673,0.37,398099,0.0277777777777779,-0.045454545454545525,0.020000000000000018,0.0027689688111662836,-0.0386264265027243,0.0028718331112280726,0
167,2016-05-31,110.0,107.54,110.75,101.75,580005672,-2.236363636363631,7.200669829751613,4.123808625082575,0,2.2,4.8,98.2889,0.37,399909,0.0,0.04761904761904767,-0.05882352941176472,-0.001811768983205564,0.0787809387209204,0.004546607753347809,1
168,2016-06-30,107.49,115.23,115.54,106.57,421072614,7.200669829751613,0.9799670453559928,-2.236363636363631,1,2.2,4.9,98.7201,0.38,404677,0.027027027027026973,0.0,0.02083333333333348,0.00438706710523773,-0.2740198340681055,0.011922712417074877,1
169,2016-07-31,115.31,116.44,118.7799,114.22,369269665,0.9799670453559928,1.923076923076919,7.200669829751613,1,2.2,4.8,98.8992,0.39,403648,0.026315789473684292,0.0,-0.020408163265306256,0.0018142202043960332,-0.1230261652684922,-0.002542768677241347,1
170,2016-08-31,116.48,118.72,119.22,113.63,541701754,1.923076923076919,-1.299249135240029,0.9799670453559928,1,2.3,4.9,98.7249,0.4,403861,0.025641025641025772,0.04545454545454519,0.02083333333333348,-0.0017624005047562896,0.46695438413550705,0.0005276874900903561,0
171,2016-09-30,118.53,116.99,119.66,115.94,406951836,-1.299249135240029,0.264527690075947,1.923076923076919,0,2.2,5.0,98.606,0.4,406384,0.0,-0.04347826086956508,0.020408163265306145,-0.0012043567529570476,-0.24875296600941044,0.006247198912497032,1
172,2016-10-31,117.19,117.5,119.51,113.45,598231317,0.264527690075947,0.8683807253533204,-1.299249135240029,1,2.1,4.9,99.4797,0.34,394576,-0.15000000000000002,-0.045454545454545525,-0.019999999999999907,0.008860515587286732,0.4700297776761966,-0.02905626205756129,1
173,2016-11-30,117.46,118.48,121.52,115.22,498414269,0.8683807253533204,4.408683262090345,0.264527690075947,1,2.1,4.7,99.4797,0.34,394576,0.0,0.0,-0.04081632653061229,0.0,-0.16685359853870707,0.0,1
174,2016-12-31,119.31,124.57,125.9211,118.89,366254486,4.408683262090345,3.667676606601825,0.8683807253533204,1,2.2,4.7,99.4797,0.34,394576,0.0,0.04761904761904767,0.0,0.0,-0.2651605124892602,0.0,1
175,2017-01-31,125.42,130.02,130.7,124.86,307436247,3.667676606601825,1.2002140509135335,4.408683262090345,1,2.3,4.7,98.7446,0.65,416024,0.9117647058823528,0.04545454545454519,0.0,-0.007389447294271934,-0.16059390737401102,0.054357082032358894,1
176,2017-02-28,130.81,132.38,132.74,129.4,442963518,1.2002140509135335,2.649456521739145,3.667676606601825,1,2.2,4.6,98.3676,0.66,416011,0.01538461538461533,-0.04347826086956508,-0.021276595744680993,-0.003817930296947991,0.44083048867038754,-3.1248197219335694e-05,1
177,2017-03-31,132.48,135.99,136.34,130.38,388248236,2.649456521739145,3.539498754213677,1.2002140509135335,1,2.0,4.4,99.1065,0.79,414942,0.19696969696969702,-0.09090909090909094,-0.04347826086956508,0.0075116196796505275,-0.12352096679889557,-0.0025696435911550797,1
178,2017-04-30,136.46,141.29,141.84,135.87,534921503,3.539498754213677,-2.776011866920963,2.649456521739145,1,1.9,4.4,100.0363,0.9,416702,0.139240506329114,-0.050000000000000044,0.0,0.009381826620857403,0.37778218520997986,0.004241556651291001,0
179,2017-05-31,141.57,137.64,143.9,136.25,1046003154,-2.776011866920963,3.60216998191681,3.539498754213677,0,1.7,4.4,100.147,0.91,414274,0.011111111111111072,-0.10526315789473684,0.0,0.0011065983048155204,0.9554329899503031,-0.0058267058953400674,1
180,2017-06-30,138.25,143.23,145.96,135.8,705002384,3.60216998191681,1.7397355601948503,-2.776011866920963,1,1.7,4.3,100.3042,1.04,416360,0.1428571428571428,0.0,-0.022727272727272818,0.0015696925519486093,-0.32600357723204343,0.005035314791659529,1
181,2017-07-31,143.7,146.2,146.21,140.18,810772067,1.7397355601948503,-0.6217545777535016,3.60216998191681,1,1.7,4.3,100.2092,1.15,416487,0.10576923076923062,0.0,0.0,-0.0009471188644144535,0.15002741182219892,0.0003050244980304928,0
182,2017-08-31,146.36,145.45,146.59,142.1,632248250,-0.6217545777535016,4.448410791515081,1.7397355601948503,0,1.7,4.4,99.7055,1.16,417014,0.008695652173912993,0.0,0.023255813953488413,-0.0050264845942288305,-0.22018989586132354,0.001265345617029956,1
183,2017-09-30,145.67,152.15,152.37,144.93,549094395,4.448410791515081,1.571194762684128,-0.6217545777535016,1,1.7,4.3,99.7485,1.15,426455,-0.008620689655172376,0.0,-0.022727272727272818,0.0004312700904163247,-0.13152089388938604,0.022639527689717776,1
184,2017-10-31,152.75,155.15,156.69,150.77,584198367,1.571194762684128,1.0182242687593184,4.448410791515081,1,1.8,4.2,98.7446,0.65,416024,-0.4347826086956521,0.05882352941176472,-0.023255813953488302,-0.010064311744036214,0.06393066896995014,-0.024459790599242637,1
185,2017-11-30,154.19,155.76,158.77,152.06,622383820,1.0182242687593184,8.242811501597448,1.571194762684128,1,1.7,4.2,98.7446,0.65,416024,0.0,-0.05555555555555558,0.0,0.0,0.0653638475507754,0.0,1
186,2017-12-31,156.5,169.4,170.952,156.17,698394830,8.242811501597448,-0.5412800380680446,1.0182242687593184,1,1.8,4.1,98.7446,0.65,416024,0.0,0.05882352941176472,-0.023809523809523947,0.0,0.12212883361910021,0.0,0
187,2018-01-31,168.12,167.21,170.73,150.125,1179841225,-0.5412800380680446,-4.279992826827662,8.242811501597448,0,1.8,4.0,101.3561,1.41,431785,1.169230769230769,0.0,-0.024390243902438935,0.026447015836815302,0.6893613387716515,0.03788483356729411,0
188,2018-02-28,167.29,160.13,175.21,156.04,1085306589,-4.279992826827662,1.2201257861635206,-0.5412800380680446,0,1.8,4.1,101.6495,1.42,434631,0.007092198581560183,0.0,0.02499999999999991,0.002894744371576996,-0.0801248795150381,0.006591243327118912,1
189,2018-03-31,159.0,160.94,167.0,153.88,987685050,1.2201257861635206,5.949414403189623,-4.279992826827662,1,2.1,4.0,102.298,1.51,433239,0.06338028169014098,0.16666666666666674,-0.024390243902438935,0.00637976576372723,-0.08994835191219874,-0.00320271678734374,1
190,2018-04-30,160.52,170.07,171.2,159.22,687987327,5.949414403189623,0.4506086142322157,1.2201257861635206,1,2.1,4.0,103.4095,1.69,435061,0.11920529801324498,0.0,0.0,0.010865315059922942,-0.30343450374185577,0.004205530896341347,1
191,2018-05-31,170.88,171.65,177.98,169.17,784338787,0.4506086142322157,3.769701246765466,5.949414403189623,1,2.2,3.8,102.5408,1.7,439759,0.00591715976331364,0.04761904761904767,-0.050000000000000044,-0.008400582151543046,0.14004830644213295,0.010798485729587304,1
192,2018-06-30,170.04,176.45,182.93,169.67,709034457,3.769701246765466,5.529484932436253,0.4506086142322157,1,2.3,4.0,103.3045,1.82,437527,0.07058823529411762,0.04545454545454519,0.05263157894736836,0.007447767132692462,-0.0960099529031706,-0.005075507266480095,1
193,2018-07-31,176.87,186.65,187.5199,175.79,667522923,5.529484932436253,-0.1665771090811404,3.769701246765466,1,2.4,3.8,103.5474,1.91,440422,0.049450549450549275,0.04347826086956519,-0.050000000000000044,0.002351301250187454,-0.05854656792793922,0.0066167345100986985,0
194,2018-08-31,186.1,185.79,186.49,180.44,645534390,-0.1665771090811404,-9.099668129750563,5.529484932436253,0,2.2,3.8,104.1659,1.91,439876,0.0,-0.08333333333333326,0.0,0.0059731098994277865,-0.032940491243624304,-0.0012397200866441915,0
195,2018-09-30,186.82,169.82,187.53,160.09,1817070567,-9.099668129750563,-0.4174506114769566,-0.1665771090811404,0,2.2,3.7,104.1315,1.95,439346,0.020942408376963373,0.0,-0.02631578947368407,-0.00033024243058421554,1.8148315490984146,-0.0012048850130491617,0
196,2018-10-31,170.08,169.37,175.58,157.13,1152111854,-0.4174506114769566,-10.883882149046796,-9.099668129750563,0,2.1,3.8,101.3561,1.41,431785,-0.27692307692307694,-0.045454545454545525,0.027027027027026973,-0.026652837998108247,-0.36595095703842306,-0.017209670737869498,0
197,2018-11-30,173.1,154.26,173.31,143.46,1395544305,-10.883882149046796,11.371614014173115,-0.4174506114769566,0,2.2,3.8,101.3561,1.41,431785,0.0,0.04761904761904767,0.0,0.0,0.21129237595710038,0.0,1
198,2018-12-31,150.99,168.16,168.99,149.49,933652357,11.371614014173115,3.477325685606735,-10.883882149046796,1,2.2,3.9,101.3561,1.41,431785,0.0,0.0,0.026315789473684292,0.0,-0.3309761978499135,0.0,1
199,2019-01-31,167.37,173.19,174.66,166.57,535963967,3.477325685606735,3.010148500659366,11.371614014173115,1,2.2,4.0,103.3023,2.4,439793,0.7021276595744681,0.0,0.025641025641025772,0.019201607007373056,-0.42594910944995346,0.018546267239482717,1
200,2019-02-28,174.41,179.66,182.83,169.3375,781961765,3.010148500659366,4.475802006394006,3.477325685606735,1,2.1,3.8,102.728,2.4,440875,0.0,-0.045454545454545525,-0.050000000000000044,-0.005559411552308213,0.4589819710771712,0.0024602483441074074,1
201,2019-03-31,181.42,189.54,191.32,180.77,550157653,4.475802006394006,-8.812119941287483,3.010148500659366,1,2.0,3.8,102.8635,2.41,446954,0.004166666666666874,-0.04761904761904767,0.0,0.0013190172104977638,-0.2964391897089751,0.01378848880068051,0
202,2019-04-30,190.76,173.95,191.32,173.87,901553894,-8.812119941287483,7.618718303365606,4.475802006394006,0,2.1,3.6,102.2543,2.42,447230,0.004149377593360981,0.050000000000000044,-0.05263157894736836,-0.005922411739829991,0.638719172738655,0.0006175132116503779,1
203,2019-05-31,173.52,186.74,189.77,169.27,688730551,7.618718303365606,0.4203888596952091,-8.812119941287483,1,2.0,3.6,102.4519,2.39,448985,-0.012396694214875992,-0.04761904761904767,0.0,0.001932437071106019,-0.2360628071337464,0.003924155356304304,1
204,2019-06-30,190.3,191.1,195.55,188.38,494381316,0.4203888596952091,-2.1095504151219213,7.618718303365606,1,2.1,3.6,102.384,2.38,448992,-0.004184100418410108,0.050000000000000044,0.0,-0.0006627500319661417,-0.2821847160951627,1.559072129353467e-05,0
205,2019-07-31,191.51,187.47,194.98,179.2,817515868,-2.1095504151219213,1.369054010522931,0.4203888596952091,0,2.2,3.7,102.0568,2.4,453667,0.008403361344537785,0.04761904761904767,0.0277777777777779,-0.0031958118456009155,0.6536140051053223,0.01041221224431621,1
206,2019-08-31,186.26,188.81,194.71,185.03,556686903,1.369054010522931,3.9780521262002857,-2.1095504151219213,1,2.4,3.7,102.6882,2.13,455967,-0.11250000000000004,0.09090909090909083,0.0,0.00618675090733789,-0.31905064502062974,0.005069797891404937,1
207,2019-09-30,189.54,197.08,197.83,181.82,585004593,3.9780521262002857,3.6224928004850137,1.369054010522931,1,2.4,3.5,102.3143,2.04,452048,-0.04225352112676051,0.0,-0.05405405405405406,-0.0036411194275485226,0.050868252598355035,-0.00859492024642139,1
208,2019-10-31,197.93,205.1,206.05,197.63,352359439,3.6224928004850137,3.6565745209887375,3.9780521262002857,1,2.3,3.6,103.3023,2.4,439793,0.17647058823529416,-0.04166666666666674,0.028571428571428692,0.009656519176693745,-0.3976809016266989,-0.02710995292535301,1
209,2019-11-30,205.11,212.61,214.56,193.785,431198262,3.6565745209887375,2.178171641791039,3.6224928004850137,1,2.3,3.6,103.3023,2.4,439793,0.0,0.0,0.0,0.0,0.22374545499262188,0.0,1
210,2019-12-31,214.4,219.07,225.88,212.24,587165940,2.178171641791039,-6.514036522213126,3.6565745209887375,1,2.3,3.6,103.3023,2.4,439793,0.0,0.0,0.0,0.0,0.36170757571374446,0.0,0
211,2020-01-31,220.14,205.8,237.47,198.17,954555768,-6.514036522213126,-8.847184986595169,2.178171641791039,0,2.3,3.5,101.0918,1.55,456113,-0.35416666666666663,0.0,-0.02777777777777779,-0.021398361895136886,0.625700169188969,0.037108366890787226,0
212,2020-02-29,208.88,190.4,219.61,164.93,2191775634,-8.847184986595169,18.451382500946917,-6.514036522213126,0,2.4,3.5,101.3247,1.58,457898,0.019354838709677358,0.04347826086956519,0.0,0.0023038466027907045,1.2961210936813488,0.003913503890483172,1
213,2020-03-31,184.81,218.91,220.04,180.86,1092313731,18.451382500946917,8.772256921786157,-8.847184986595169,1,2.1,4.4,97.4477,0.65,432392,-0.5886075949367089,-0.12499999999999989,0.25714285714285734,-0.03826312833889478,-0.5016306805973005,-0.05570236166133069,1
214,2020-04-30,214.54,233.36,233.6,211.12,847314681,8.772256921786157,6.540447504302921,18.451382500946917,1,1.4,14.7,84.2018,0.05,375918,-0.9230769230769231,-0.33333333333333337,2.3409090909090904,-0.13592829794854056,-0.2242936649489029,-0.13060833687949824,1
215,2020-05-31,232.4,247.6,251.15,231.47,928724405,6.540447504302921,7.320520067834944,8.772256921786157,1,1.2,13.2,85.8434,0.05,442045,0.0,-0.1428571428571428,-0.10204081632653061,0.01949602027510089,0.09607968069657469,0.17590804377550429,1
216,2020-06-30,247.66,265.79,269.79,247.0802,925204198,7.320520067834944,10.009326618168243,6.540447504302921,1,1.2,11.0,91.1622,0.08,472249,0.5999999999999999,0.0,-0.16666666666666663,0.06195933525466124,-0.003790367714090581,0.06832788517006194,1
217,2020-07-31,268.05,294.88,296.745,264.63,701609241,10.009326618168243,-6.639784946236575,7.320520067834944,1,1.6,10.2,94.8887,0.09,481169,0.125,0.3333333333333335,-0.07272727272727275,0.0408776883401234,-0.24167092787013056,0.01888834068468115,0
218,2020-08-31,297.6,277.84,303.5,260.11,1325797316,-6.639784946236575,-4.40398878597538,10.009326618168243,0,1.7,8.4,95.8924,0.1,482391,0.11111111111111116,0.0625,-0.17647058823529405,0.010577655716644818,0.8896520150024649,0.002539648231702385,0
219,2020-09-30,281.79,269.38,297.46,267.07,937156210,-4.40398878597538,10.263864865859489,-6.639784946236575,0,1.7,7.9,95.6019,0.09,492700,-0.10000000000000009,0.0,-0.059523809523809534,-0.003029437160817716,-0.29313764729329106,0.021370630878270847,1
220,2020-10-31,271.73,299.62,300.17,266.97,751821723,10.263864865859489,3.932156226190083,-4.40398878597538,1,1.6,6.9,101.0918,1.55,456113,16.222222222222225,-0.05882352941176461,-0.12658227848101267,0.05742459093386221,-0.19776264087285944,-0.07425816927136186,1
221,2020-11-30,301.87,313.74,314.685,298.09,570275496,3.932156226190083,-0.1745422233505796,10.263864865859489,1,1.6,6.7,101.0918,1.55,456113,0.0,0.0,-0.02898550724637683,0.0,-0.2414751016711445,0.0,0
222,2020-12-31,315.11,314.56,330.32,305.18,655572330,-0.1745422233505796,-1.2479959762346444,3.932156226190083,0,1.6,6.7,101.0918,1.55,456113,0.0,0.0,0.0,0.0,0.1495712766869437,0.0,0
223,2021-01-31,318.11,314.14,338.19,310.88,795575882,-1.2479959762346444,-0.0438500328875203,-0.1745422233505796,0,1.4,6.4,99.4076,0.09,513269,-0.9419354838709677,-0.1250000000000001,-0.04477611940298509,-0.01666010497389503,0.21355927575527778,0.12531105230502093,0
224,2021-02-28,319.27,319.13,324.33,297.45,1621565281,-0.0438500328875203,4.618194199399516,-1.2479959762346444,0,1.3,6.2,96.3966,0.08,503650,-0.11111111111111105,-0.07142857142857129,-0.03125,-0.03028943461063338,1.0382283044120735,-0.01874066035548616,1
225,2021-03-31,323.07,337.99,342.8,322.81,771172902,4.618194199399516,-1.56236181941456,-0.0438500328875203,1,1.6,6.0,99.1618,0.07,558369,-0.12499999999999989,0.23076923076923084,-0.032258064516129115,0.028685659037766875,-0.5244268540798882,0.10864489228630991,0
226,2021-04-30,339.23,333.93,340.0,316.0,965410817,-1.56236181941456,5.705338502833282,4.618194199399516,0,3.0,6.0,99.2416,0.07,555865,0.0,0.875,0.0,0.0008047453757396017,0.2518733665255266,-0.004484489647527012,1
227,2021-05-31,335.3,354.43,355.23,328.28,751288660,5.705338502833282,2.965515293586014,-1.56236181941456,1,3.8,5.8,99.9226,0.06,550179,-0.14285714285714302,0.2666666666666666,-0.033333333333333326,0.0068620417244380505,-0.22179382417257498,-0.01022910238996877,1
228,2021-06-30,354.07,364.57,368.89,352.04,813285853,2.965515293586014,3.7321175057333233,5.705338502833282,1,4.5,5.9,100.4704,0.08,550638,0.3333333333333335,0.1842105263157896,0.017241379310344973,0.005482243256280217,0.08252113508541448,0.0008342739363007556,1
229,2021-07-31,366.28,379.95,380.76,359.96,683688598,3.7321175057333233,-6.057106865420963,2.965515293586014,1,4.3,5.4,101.1676,0.1,543355,0.25,-0.04444444444444451,-0.0847457627118644,0.006939357263432866,-0.15935018975425363,-0.01322647547027267,0
230,2021-08-31,381.04,357.96,382.778,357.1,931919464,-6.057106865420963,7.671500278862239,3.7321175057333233,0,4.0,5.2,101.0927,0.09,546946,-0.10000000000000009,-0.06976744186046513,-0.03703703703703709,-0.0007403556079218498,0.36307591895806346,0.006608938907344264,1
231,2021-09-30,358.6,386.11,386.28,350.32,878747851,7.671500278862239,1.8781043046357595,-6.057106865420963,1,4.0,4.7,99.8606,0.08,552617,-0.11111111111111105,0.0,-0.09615384615384615,-0.012187823650965823,-0.05705601723541209,0.010368482446164728,1
232,2021-10-31,386.56,393.82,408.71,384.42,922244434,1.8781043046357595,-0.1079642462589007,7.671500278862239,1,4.6,4.6,99.4076,0.09,513269,0.125,0.1499999999999999,-0.021276595744680993,-0.004536323635147443,0.049498366283913686,-0.07120302126065614,0
233,2021-11-30,398.28,397.85,404.58,377.47,1234580300,-0.1079642462589007,-9.02142588648039,1.8781043046357595,0,4.9,4.2,99.4076,0.09,513269,0.0,0.0652173913043479,-0.08695652173913038,0.0,0.33866928819003306,0.0,0
234,2021-12-31,399.05,363.05,402.28,334.15,1848326612,-9.02142588648039,-4.837691737782289,-0.1079642462589007,0,5.5,3.9,99.4076,0.09,513269,0.0,0.12244897959183665,-0.07142857142857151,0.0,0.4971295200482302,0.0,0
235,2022-01-31,364.43,346.8,370.1,318.26,1523185568,-4.837691737782289,4.856109906001452,-9.02142588648039,0,6.0,4.0,102.5479,0.08,576000,-0.11111111111111105,0.09090909090909083,0.025641025641025772,0.031590139989296606,-0.17591103319568502,0.1222185637550679,1
236,2022-02-28,345.75,362.54,371.83,317.45,1686866041,4.856109906001452,-13.66004244645958,-4.837691737782289,1,6.4,3.8,103.5578,0.08,581768,0.0,0.06666666666666665,-0.050000000000000044,0.009848080750556543,0.10745931187814395,0.010013888888888989,0
237,2022-03-31,362.81,313.25,369.31,312.6,1501958749,-13.66004244645958,-1.4544640859252669,4.856109906001452,0,6.5,3.6,104.0733,0.2,587570,1.5,0.015625,-0.05263157894736836,0.004977896401816118,-0.109615871981384,0.00997304767536189,0
238,2022-04-30,312.83,308.28,330.29,280.21,1951162721,-1.4544640859252669,-8.252005024640061,-13.66004244645958,0,6.2,3.6,105.4868,0.33,590259,0.6499999999999999,-0.0461538461538461,0.0,0.013581773615326975,0.2990787678417126,0.004576475994349627,0
